Epoch,Type,Metric,Algorithm,Value
1,Train set,Average loss,Adagrad,0.3129
1,Train set,Accuracy,Adagrad,83.0
1,Test set,Average loss,Adagrad,0.32
1,Test set,Accuracy,Adagrad,86.0
2,Train set,Average loss,Adagrad,0.2753
2,Train set,Accuracy,Adagrad,88.0
2,Test set,Average loss,Adagrad,0.3313
2,Test set,Accuracy,Adagrad,87.0
3,Train set,Average loss,Adagrad,0.4267
3,Train set,Accuracy,Adagrad,89.0
3,Test set,Average loss,Adagrad,0.3518
3,Test set,Accuracy,Adagrad,87.0
4,Train set,Average loss,Adagrad,0.278
4,Train set,Accuracy,Adagrad,90.0
4,Test set,Average loss,Adagrad,0.2918
4,Test set,Accuracy,Adagrad,88.0
5,Train set,Average loss,Adagrad,0.2401
5,Train set,Accuracy,Adagrad,90.0
5,Test set,Average loss,Adagrad,0.2509
5,Test set,Accuracy,Adagrad,88.0
6,Train set,Average loss,Adagrad,0.1993
6,Train set,Accuracy,Adagrad,91.0
6,Test set,Average loss,Adagrad,0.2995
6,Test set,Accuracy,Adagrad,88.0
7,Train set,Average loss,Adagrad,0.2024
7,Train set,Accuracy,Adagrad,91.0
7,Test set,Average loss,Adagrad,0.284
7,Test set,Accuracy,Adagrad,88.0
8,Train set,Average loss,Adagrad,0.3112
8,Train set,Accuracy,Adagrad,92.0
8,Test set,Average loss,Adagrad,0.3113
8,Test set,Accuracy,Adagrad,88.0
9,Train set,Average loss,Adagrad,0.2763
9,Train set,Accuracy,Adagrad,92.0
9,Test set,Average loss,Adagrad,0.2976
9,Test set,Accuracy,Adagrad,89.0
10,Train set,Average loss,Adagrad,0.1351
10,Train set,Accuracy,Adagrad,92.0
10,Test set,Average loss,Adagrad,0.3082
10,Test set,Accuracy,Adagrad,89.0
11,Train set,Average loss,Adagrad,0.2475
11,Train set,Accuracy,Adagrad,93.0
11,Test set,Average loss,Adagrad,0.3625
11,Test set,Accuracy,Adagrad,88.0
12,Train set,Average loss,Adagrad,0.2452
12,Train set,Accuracy,Adagrad,93.0
12,Test set,Average loss,Adagrad,0.3643
12,Test set,Accuracy,Adagrad,89.0
13,Train set,Average loss,Adagrad,0.1385
13,Train set,Accuracy,Adagrad,93.0
13,Test set,Average loss,Adagrad,0.3158
13,Test set,Accuracy,Adagrad,89.0
14,Train set,Average loss,Adagrad,0.363
14,Train set,Accuracy,Adagrad,93.0
14,Test set,Average loss,Adagrad,0.3107
14,Test set,Accuracy,Adagrad,89.0
15,Train set,Average loss,Adagrad,0.3314
15,Train set,Accuracy,Adagrad,94.0
15,Test set,Average loss,Adagrad,0.3871
15,Test set,Accuracy,Adagrad,89.0
16,Train set,Average loss,Adagrad,0.2093
16,Train set,Accuracy,Adagrad,94.0
16,Test set,Average loss,Adagrad,0.2503
16,Test set,Accuracy,Adagrad,90.0
17,Train set,Average loss,Adagrad,0.1652
17,Train set,Accuracy,Adagrad,94.0
17,Test set,Average loss,Adagrad,0.2851
17,Test set,Accuracy,Adagrad,89.0
18,Train set,Average loss,Adagrad,0.3471
18,Train set,Accuracy,Adagrad,94.0
18,Test set,Average loss,Adagrad,0.3725
18,Test set,Accuracy,Adagrad,89.0
19,Train set,Average loss,Adagrad,0.5077
19,Train set,Accuracy,Adagrad,94.0
19,Test set,Average loss,Adagrad,0.288
19,Test set,Accuracy,Adagrad,89.0
20,Train set,Average loss,Adagrad,0.1231
20,Train set,Accuracy,Adagrad,95.0
20,Test set,Average loss,Adagrad,0.2762
20,Test set,Accuracy,Adagrad,89.0
21,Train set,Average loss,Adagrad,0.1788
21,Train set,Accuracy,Adagrad,95.0
21,Test set,Average loss,Adagrad,0.3903
21,Test set,Accuracy,Adagrad,89.0
22,Train set,Average loss,Adagrad,0.1126
22,Train set,Accuracy,Adagrad,95.0
22,Test set,Average loss,Adagrad,0.3613
22,Test set,Accuracy,Adagrad,89.0
23,Train set,Average loss,Adagrad,0.1671
23,Train set,Accuracy,Adagrad,95.0
23,Test set,Average loss,Adagrad,0.2379
23,Test set,Accuracy,Adagrad,89.0
24,Train set,Average loss,Adagrad,0.1539
24,Train set,Accuracy,Adagrad,95.0
24,Test set,Average loss,Adagrad,0.3366
24,Test set,Accuracy,Adagrad,90.0
25,Train set,Average loss,Adagrad,0.0229
25,Train set,Accuracy,Adagrad,95.0
25,Test set,Average loss,Adagrad,0.2911
25,Test set,Accuracy,Adagrad,89.0
26,Train set,Average loss,Adagrad,0.0568
26,Train set,Accuracy,Adagrad,95.0
26,Test set,Average loss,Adagrad,0.3313
26,Test set,Accuracy,Adagrad,89.0
27,Train set,Average loss,Adagrad,0.1101
27,Train set,Accuracy,Adagrad,96.0
27,Test set,Average loss,Adagrad,0.2151
27,Test set,Accuracy,Adagrad,89.0
28,Train set,Average loss,Adagrad,0.1616
28,Train set,Accuracy,Adagrad,96.0
28,Test set,Average loss,Adagrad,0.3589
28,Test set,Accuracy,Adagrad,89.0
29,Train set,Average loss,Adagrad,0.1656
29,Train set,Accuracy,Adagrad,96.0
29,Test set,Average loss,Adagrad,0.2889
29,Test set,Accuracy,Adagrad,89.0
30,Train set,Average loss,Adagrad,0.2042
30,Train set,Accuracy,Adagrad,96.0
30,Test set,Average loss,Adagrad,0.2929
30,Test set,Accuracy,Adagrad,89.0
1,Train set,Average loss,Adadelta,0.5722
1,Train set,Accuracy,Adadelta,67.0
1,Test set,Average loss,Adadelta,0.6976
1,Test set,Accuracy,Adadelta,77.0
2,Train set,Average loss,Adadelta,0.5576
2,Train set,Accuracy,Adadelta,80.0
2,Test set,Average loss,Adadelta,0.5285
2,Test set,Accuracy,Adadelta,80.0
3,Train set,Average loss,Adadelta,0.6279
3,Train set,Accuracy,Adadelta,82.0
3,Test set,Average loss,Adadelta,0.4884
3,Test set,Accuracy,Adadelta,81.0
4,Train set,Average loss,Adadelta,0.6204
4,Train set,Accuracy,Adadelta,83.0
4,Test set,Average loss,Adadelta,0.5131
4,Test set,Accuracy,Adadelta,82.0
5,Train set,Average loss,Adadelta,0.4271
5,Train set,Accuracy,Adadelta,84.0
5,Test set,Average loss,Adadelta,0.4804
5,Test set,Accuracy,Adadelta,83.0
6,Train set,Average loss,Adadelta,0.4229
6,Train set,Accuracy,Adadelta,84.0
6,Test set,Average loss,Adadelta,0.4501
6,Test set,Accuracy,Adadelta,83.0
7,Train set,Average loss,Adadelta,0.2609
7,Train set,Accuracy,Adadelta,85.0
7,Test set,Average loss,Adadelta,0.407
7,Test set,Accuracy,Adadelta,84.0
8,Train set,Average loss,Adadelta,0.3896
8,Train set,Accuracy,Adadelta,85.0
8,Test set,Average loss,Adadelta,0.444
8,Test set,Accuracy,Adadelta,84.0
9,Train set,Average loss,Adadelta,0.4099
9,Train set,Accuracy,Adadelta,86.0
9,Test set,Average loss,Adadelta,0.381
9,Test set,Accuracy,Adadelta,84.0
10,Train set,Average loss,Adadelta,0.3787
10,Train set,Accuracy,Adadelta,86.0
10,Test set,Average loss,Adadelta,0.3939
10,Test set,Accuracy,Adadelta,85.0
11,Train set,Average loss,Adadelta,0.3375
11,Train set,Accuracy,Adadelta,86.0
11,Test set,Average loss,Adadelta,0.414
11,Test set,Accuracy,Adadelta,85.0
12,Train set,Average loss,Adadelta,0.4791
12,Train set,Accuracy,Adadelta,86.0
12,Test set,Average loss,Adadelta,0.4624
12,Test set,Accuracy,Adadelta,85.0
13,Train set,Average loss,Adadelta,0.2289
13,Train set,Accuracy,Adadelta,87.0
13,Test set,Average loss,Adadelta,0.3981
13,Test set,Accuracy,Adadelta,85.0
14,Train set,Average loss,Adadelta,0.7246
14,Train set,Accuracy,Adadelta,87.0
14,Test set,Average loss,Adadelta,0.4209
14,Test set,Accuracy,Adadelta,85.0
15,Train set,Average loss,Adadelta,0.5347
15,Train set,Accuracy,Adadelta,87.0
15,Test set,Average loss,Adadelta,0.4941
15,Test set,Accuracy,Adadelta,85.0
16,Train set,Average loss,Adadelta,0.3596
16,Train set,Accuracy,Adadelta,87.0
16,Test set,Average loss,Adadelta,0.3255
16,Test set,Accuracy,Adadelta,86.0
17,Train set,Average loss,Adadelta,0.2692
17,Train set,Accuracy,Adadelta,87.0
17,Test set,Average loss,Adadelta,0.4005
17,Test set,Accuracy,Adadelta,86.0
18,Train set,Average loss,Adadelta,0.5068
18,Train set,Accuracy,Adadelta,88.0
18,Test set,Average loss,Adadelta,0.4019
18,Test set,Accuracy,Adadelta,86.0
19,Train set,Average loss,Adadelta,0.7836
19,Train set,Accuracy,Adadelta,88.0
19,Test set,Average loss,Adadelta,0.3717
19,Test set,Accuracy,Adadelta,86.0
20,Train set,Average loss,Adadelta,0.4753
20,Train set,Accuracy,Adadelta,88.0
20,Test set,Average loss,Adadelta,0.3517
20,Test set,Accuracy,Adadelta,86.0
21,Train set,Average loss,Adadelta,0.7158
21,Train set,Accuracy,Adadelta,88.0
21,Test set,Average loss,Adadelta,0.4013
21,Test set,Accuracy,Adadelta,87.0
22,Train set,Average loss,Adadelta,0.1705
22,Train set,Accuracy,Adadelta,88.0
22,Test set,Average loss,Adadelta,0.3844
22,Test set,Accuracy,Adadelta,86.0
23,Train set,Average loss,Adadelta,0.4936
23,Train set,Accuracy,Adadelta,88.0
23,Test set,Average loss,Adadelta,0.337
23,Test set,Accuracy,Adadelta,87.0
24,Train set,Average loss,Adadelta,0.2891
24,Train set,Accuracy,Adadelta,88.0
24,Test set,Average loss,Adadelta,0.3424
24,Test set,Accuracy,Adadelta,87.0
25,Train set,Average loss,Adadelta,0.1551
25,Train set,Accuracy,Adadelta,88.0
25,Test set,Average loss,Adadelta,0.3218
25,Test set,Accuracy,Adadelta,86.0
26,Train set,Average loss,Adadelta,0.3988
26,Train set,Accuracy,Adadelta,88.0
26,Test set,Average loss,Adadelta,0.3632
26,Test set,Accuracy,Adadelta,87.0
27,Train set,Average loss,Adadelta,0.43
27,Train set,Accuracy,Adadelta,89.0
27,Test set,Average loss,Adadelta,0.3164
27,Test set,Accuracy,Adadelta,87.0
28,Train set,Average loss,Adadelta,0.3903
28,Train set,Accuracy,Adadelta,89.0
28,Test set,Average loss,Adadelta,0.4101
28,Test set,Accuracy,Adadelta,87.0
29,Train set,Average loss,Adadelta,0.391
29,Train set,Accuracy,Adadelta,89.0
29,Test set,Average loss,Adadelta,0.3963
29,Test set,Accuracy,Adadelta,87.0
30,Train set,Average loss,Adadelta,0.3988
30,Train set,Accuracy,Adadelta,89.0
30,Test set,Average loss,Adadelta,0.3304
30,Test set,Accuracy,Adadelta,87.0
1,Train set,Average loss,Adam,0.4016
1,Train set,Accuracy,Adam,81.0
1,Test set,Average loss,Adam,0.3994
1,Test set,Accuracy,Adam,83.0
2,Train set,Average loss,Adam,0.3133
2,Train set,Accuracy,Adam,85.0
2,Test set,Average loss,Adam,0.428
2,Test set,Accuracy,Adam,84.0
3,Train set,Average loss,Adam,0.3853
3,Train set,Accuracy,Adam,86.0
3,Test set,Average loss,Adam,0.457
3,Test set,Accuracy,Adam,85.0
4,Train set,Average loss,Adam,0.5711
4,Train set,Accuracy,Adam,86.0
4,Test set,Average loss,Adam,0.5077
4,Test set,Accuracy,Adam,84.0
5,Train set,Average loss,Adam,0.4863
5,Train set,Accuracy,Adam,86.0
5,Test set,Average loss,Adam,0.4233
5,Test set,Accuracy,Adam,83.0
6,Train set,Average loss,Adam,0.4032
6,Train set,Accuracy,Adam,87.0
6,Test set,Average loss,Adam,0.4836
6,Test set,Accuracy,Adam,85.0
7,Train set,Average loss,Adam,0.2309
7,Train set,Accuracy,Adam,87.0
7,Test set,Average loss,Adam,0.4715
7,Test set,Accuracy,Adam,86.0
8,Train set,Average loss,Adam,0.399
8,Train set,Accuracy,Adam,87.0
8,Test set,Average loss,Adam,0.4009
8,Test set,Accuracy,Adam,85.0
9,Train set,Average loss,Adam,0.3104
9,Train set,Accuracy,Adam,87.0
9,Test set,Average loss,Adam,0.3733
9,Test set,Accuracy,Adam,85.0
10,Train set,Average loss,Adam,0.319
10,Train set,Accuracy,Adam,87.0
10,Test set,Average loss,Adam,0.456
10,Test set,Accuracy,Adam,85.0
11,Train set,Average loss,Adam,0.2781
11,Train set,Accuracy,Adam,87.0
11,Test set,Average loss,Adam,0.4736
11,Test set,Accuracy,Adam,85.0
12,Train set,Average loss,Adam,0.559
12,Train set,Accuracy,Adam,87.0
12,Test set,Average loss,Adam,0.5674
12,Test set,Accuracy,Adam,86.0
13,Train set,Average loss,Adam,0.3789
13,Train set,Accuracy,Adam,88.0
13,Test set,Average loss,Adam,0.5324
13,Test set,Accuracy,Adam,85.0
14,Train set,Average loss,Adam,0.474
14,Train set,Accuracy,Adam,88.0
14,Test set,Average loss,Adam,0.4935
14,Test set,Accuracy,Adam,86.0
15,Train set,Average loss,Adam,0.5737
15,Train set,Accuracy,Adam,88.0
15,Test set,Average loss,Adam,0.5051
15,Test set,Accuracy,Adam,85.0
16,Train set,Average loss,Adam,0.4937
16,Train set,Accuracy,Adam,88.0
16,Test set,Average loss,Adam,0.3088
16,Test set,Accuracy,Adam,86.0
17,Train set,Average loss,Adam,0.2672
17,Train set,Accuracy,Adam,88.0
17,Test set,Average loss,Adam,0.421
17,Test set,Accuracy,Adam,85.0
18,Train set,Average loss,Adam,0.52
18,Train set,Accuracy,Adam,88.0
18,Test set,Average loss,Adam,0.4101
18,Test set,Accuracy,Adam,86.0
19,Train set,Average loss,Adam,0.7902
19,Train set,Accuracy,Adam,88.0
19,Test set,Average loss,Adam,0.4043
19,Test set,Accuracy,Adam,86.0
20,Train set,Average loss,Adam,0.4192
20,Train set,Accuracy,Adam,88.0
20,Test set,Average loss,Adam,0.4044
20,Test set,Accuracy,Adam,85.0
21,Train set,Average loss,Adam,0.6156
21,Train set,Accuracy,Adam,89.0
21,Test set,Average loss,Adam,0.488
21,Test set,Accuracy,Adam,86.0
22,Train set,Average loss,Adam,0.2727
22,Train set,Accuracy,Adam,89.0
22,Test set,Average loss,Adam,0.3869
22,Test set,Accuracy,Adam,84.0
23,Train set,Average loss,Adam,0.6727
23,Train set,Accuracy,Adam,88.0
23,Test set,Average loss,Adam,0.3572
23,Test set,Accuracy,Adam,86.0
24,Train set,Average loss,Adam,0.3051
24,Train set,Accuracy,Adam,88.0
24,Test set,Average loss,Adam,0.4945
24,Test set,Accuracy,Adam,86.0
25,Train set,Average loss,Adam,0.2124
25,Train set,Accuracy,Adam,89.0
25,Test set,Average loss,Adam,0.4695
25,Test set,Accuracy,Adam,84.0
26,Train set,Average loss,Adam,0.3121
26,Train set,Accuracy,Adam,88.0
26,Test set,Average loss,Adam,0.6316
26,Test set,Accuracy,Adam,85.0
27,Train set,Average loss,Adam,0.5233
27,Train set,Accuracy,Adam,89.0
27,Test set,Average loss,Adam,0.391
27,Test set,Accuracy,Adam,86.0
28,Train set,Average loss,Adam,0.3886
28,Train set,Accuracy,Adam,89.0
28,Test set,Average loss,Adam,0.518
28,Test set,Accuracy,Adam,85.0
29,Train set,Average loss,Adam,0.3869
29,Train set,Accuracy,Adam,89.0
29,Test set,Average loss,Adam,0.4711
29,Test set,Accuracy,Adam,86.0
30,Train set,Average loss,Adam,0.4236
30,Train set,Accuracy,Adam,88.0
30,Test set,Average loss,Adam,0.4501
30,Test set,Accuracy,Adam,85.0
1,Train set,Average loss,AdamW,0.5123
1,Train set,Accuracy,AdamW,81.0
1,Test set,Average loss,AdamW,0.4223
1,Test set,Accuracy,AdamW,83.0
2,Train set,Average loss,AdamW,0.5104
2,Train set,Accuracy,AdamW,85.0
2,Test set,Average loss,AdamW,0.5457
2,Test set,Accuracy,AdamW,81.0
3,Train set,Average loss,AdamW,0.4153
3,Train set,Accuracy,AdamW,85.0
3,Test set,Average loss,AdamW,0.4171
3,Test set,Accuracy,AdamW,85.0
4,Train set,Average loss,AdamW,0.7678
4,Train set,Accuracy,AdamW,86.0
4,Test set,Average loss,AdamW,0.4635
4,Test set,Accuracy,AdamW,84.0
5,Train set,Average loss,AdamW,0.2522
5,Train set,Accuracy,AdamW,86.0
5,Test set,Average loss,AdamW,0.4443
5,Test set,Accuracy,AdamW,85.0
6,Train set,Average loss,AdamW,0.4104
6,Train set,Accuracy,AdamW,86.0
6,Test set,Average loss,AdamW,0.4037
6,Test set,Accuracy,AdamW,84.0
7,Train set,Average loss,AdamW,0.3069
7,Train set,Accuracy,AdamW,86.0
7,Test set,Average loss,AdamW,0.5005
7,Test set,Accuracy,AdamW,84.0
8,Train set,Average loss,AdamW,0.5168
8,Train set,Accuracy,AdamW,87.0
8,Test set,Average loss,AdamW,0.3992
8,Test set,Accuracy,AdamW,84.0
9,Train set,Average loss,AdamW,0.2705
9,Train set,Accuracy,AdamW,87.0
9,Test set,Average loss,AdamW,0.4369
9,Test set,Accuracy,AdamW,85.0
10,Train set,Average loss,AdamW,0.3595
10,Train set,Accuracy,AdamW,86.0
10,Test set,Average loss,AdamW,0.4446
10,Test set,Accuracy,AdamW,84.0
11,Train set,Average loss,AdamW,0.3804
11,Train set,Accuracy,AdamW,86.0
11,Test set,Average loss,AdamW,0.5003
11,Test set,Accuracy,AdamW,84.0
12,Train set,Average loss,AdamW,0.3618
12,Train set,Accuracy,AdamW,87.0
12,Test set,Average loss,AdamW,0.4794
12,Test set,Accuracy,AdamW,85.0
13,Train set,Average loss,AdamW,0.2742
13,Train set,Accuracy,AdamW,87.0
13,Test set,Average loss,AdamW,0.5423
13,Test set,Accuracy,AdamW,83.0
14,Train set,Average loss,AdamW,0.7231
14,Train set,Accuracy,AdamW,87.0
14,Test set,Average loss,AdamW,0.4257
14,Test set,Accuracy,AdamW,86.0
15,Train set,Average loss,AdamW,0.4516
15,Train set,Accuracy,AdamW,87.0
15,Test set,Average loss,AdamW,0.5907
15,Test set,Accuracy,AdamW,83.0
16,Train set,Average loss,AdamW,0.3438
16,Train set,Accuracy,AdamW,87.0
16,Test set,Average loss,AdamW,0.314
16,Test set,Accuracy,AdamW,86.0
17,Train set,Average loss,AdamW,0.2957
17,Train set,Accuracy,AdamW,87.0
17,Test set,Average loss,AdamW,0.4573
17,Test set,Accuracy,AdamW,85.0
18,Train set,Average loss,AdamW,0.6478
18,Train set,Accuracy,AdamW,87.0
18,Test set,Average loss,AdamW,0.4333
18,Test set,Accuracy,AdamW,85.0
19,Train set,Average loss,AdamW,0.768
19,Train set,Accuracy,AdamW,87.0
19,Test set,Average loss,AdamW,0.4587
19,Test set,Accuracy,AdamW,85.0
20,Train set,Average loss,AdamW,0.4261
20,Train set,Accuracy,AdamW,87.0
20,Test set,Average loss,AdamW,0.3663
20,Test set,Accuracy,AdamW,86.0
21,Train set,Average loss,AdamW,0.5808
21,Train set,Accuracy,AdamW,88.0
21,Test set,Average loss,AdamW,0.4245
21,Test set,Accuracy,AdamW,86.0
22,Train set,Average loss,AdamW,0.1541
22,Train set,Accuracy,AdamW,87.0
22,Test set,Average loss,AdamW,0.4032
22,Test set,Accuracy,AdamW,84.0
23,Train set,Average loss,AdamW,0.3953
23,Train set,Accuracy,AdamW,87.0
23,Test set,Average loss,AdamW,0.4091
23,Test set,Accuracy,AdamW,84.0
24,Train set,Average loss,AdamW,0.4048
24,Train set,Accuracy,AdamW,87.0
24,Test set,Average loss,AdamW,0.4227
24,Test set,Accuracy,AdamW,86.0
25,Train set,Average loss,AdamW,0.7875
25,Train set,Accuracy,AdamW,88.0
25,Test set,Average loss,AdamW,0.5042
25,Test set,Accuracy,AdamW,83.0
26,Train set,Average loss,AdamW,0.3222
26,Train set,Accuracy,AdamW,88.0
26,Test set,Average loss,AdamW,0.3731
26,Test set,Accuracy,AdamW,86.0
27,Train set,Average loss,AdamW,0.6928
27,Train set,Accuracy,AdamW,87.0
27,Test set,Average loss,AdamW,0.4009
27,Test set,Accuracy,AdamW,84.0
28,Train set,Average loss,AdamW,0.3529
28,Train set,Accuracy,AdamW,88.0
28,Test set,Average loss,AdamW,0.4297
28,Test set,Accuracy,AdamW,85.0
29,Train set,Average loss,AdamW,0.4096
29,Train set,Accuracy,AdamW,88.0
29,Test set,Average loss,AdamW,0.4003
29,Test set,Accuracy,AdamW,86.0
30,Train set,Average loss,AdamW,0.4043
30,Train set,Accuracy,AdamW,88.0
30,Test set,Average loss,AdamW,0.46
30,Test set,Accuracy,AdamW,86.0
1,Train set,Average loss,Adamax,0.3616
1,Train set,Accuracy,Adamax,83.0
1,Test set,Average loss,Adamax,0.3275
1,Test set,Accuracy,Adamax,85.0
2,Train set,Average loss,Adamax,0.2308
2,Train set,Accuracy,Adamax,87.0
2,Test set,Average loss,Adamax,0.3542
2,Test set,Accuracy,Adamax,86.0
3,Train set,Average loss,Adamax,0.4765
3,Train set,Accuracy,Adamax,88.0
3,Test set,Average loss,Adamax,0.367
3,Test set,Accuracy,Adamax,86.0
4,Train set,Average loss,Adamax,0.3285
4,Train set,Accuracy,Adamax,89.0
4,Test set,Average loss,Adamax,0.3054
4,Test set,Accuracy,Adamax,87.0
5,Train set,Average loss,Adamax,0.2483
5,Train set,Accuracy,Adamax,90.0
5,Test set,Average loss,Adamax,0.2872
5,Test set,Accuracy,Adamax,87.0
6,Train set,Average loss,Adamax,0.1361
6,Train set,Accuracy,Adamax,90.0
6,Test set,Average loss,Adamax,0.3135
6,Test set,Accuracy,Adamax,87.0
7,Train set,Average loss,Adamax,0.2306
7,Train set,Accuracy,Adamax,91.0
7,Test set,Average loss,Adamax,0.3264
7,Test set,Accuracy,Adamax,88.0
8,Train set,Average loss,Adamax,0.3907
8,Train set,Accuracy,Adamax,91.0
8,Test set,Average loss,Adamax,0.3602
8,Test set,Accuracy,Adamax,88.0
9,Train set,Average loss,Adamax,0.1428
9,Train set,Accuracy,Adamax,91.0
9,Test set,Average loss,Adamax,0.3152
9,Test set,Accuracy,Adamax,89.0
10,Train set,Average loss,Adamax,0.208
10,Train set,Accuracy,Adamax,92.0
10,Test set,Average loss,Adamax,0.3403
10,Test set,Accuracy,Adamax,88.0
11,Train set,Average loss,Adamax,0.1945
11,Train set,Accuracy,Adamax,92.0
11,Test set,Average loss,Adamax,0.439
11,Test set,Accuracy,Adamax,89.0
12,Train set,Average loss,Adamax,0.2656
12,Train set,Accuracy,Adamax,92.0
12,Test set,Average loss,Adamax,0.4067
12,Test set,Accuracy,Adamax,89.0
13,Train set,Average loss,Adamax,0.1138
13,Train set,Accuracy,Adamax,93.0
13,Test set,Average loss,Adamax,0.3203
13,Test set,Accuracy,Adamax,89.0
14,Train set,Average loss,Adamax,0.239
14,Train set,Accuracy,Adamax,93.0
14,Test set,Average loss,Adamax,0.401
14,Test set,Accuracy,Adamax,89.0
15,Train set,Average loss,Adamax,0.3161
15,Train set,Accuracy,Adamax,93.0
15,Test set,Average loss,Adamax,0.4072
15,Test set,Accuracy,Adamax,89.0
16,Train set,Average loss,Adamax,0.2046
16,Train set,Accuracy,Adamax,93.0
16,Test set,Average loss,Adamax,0.3093
16,Test set,Accuracy,Adamax,89.0
17,Train set,Average loss,Adamax,0.1995
17,Train set,Accuracy,Adamax,93.0
17,Test set,Average loss,Adamax,0.3586
17,Test set,Accuracy,Adamax,89.0
18,Train set,Average loss,Adamax,0.3663
18,Train set,Accuracy,Adamax,94.0
18,Test set,Average loss,Adamax,0.3787
18,Test set,Accuracy,Adamax,89.0
19,Train set,Average loss,Adamax,0.2739
19,Train set,Accuracy,Adamax,94.0
19,Test set,Average loss,Adamax,0.3331
19,Test set,Accuracy,Adamax,89.0
20,Train set,Average loss,Adamax,0.169
20,Train set,Accuracy,Adamax,94.0
20,Test set,Average loss,Adamax,0.3726
20,Test set,Accuracy,Adamax,89.0
21,Train set,Average loss,Adamax,0.2901
21,Train set,Accuracy,Adamax,94.0
21,Test set,Average loss,Adamax,0.5421
21,Test set,Accuracy,Adamax,89.0
22,Train set,Average loss,Adamax,0.199
22,Train set,Accuracy,Adamax,94.0
22,Test set,Average loss,Adamax,0.4872
22,Test set,Accuracy,Adamax,89.0
23,Train set,Average loss,Adamax,0.227
23,Train set,Accuracy,Adamax,94.0
23,Test set,Average loss,Adamax,0.3134
23,Test set,Accuracy,Adamax,88.0
24,Train set,Average loss,Adamax,0.3847
24,Train set,Accuracy,Adamax,95.0
24,Test set,Average loss,Adamax,0.4846
24,Test set,Accuracy,Adamax,90.0
25,Train set,Average loss,Adamax,0.0095
25,Train set,Accuracy,Adamax,95.0
25,Test set,Average loss,Adamax,0.369
25,Test set,Accuracy,Adamax,89.0
26,Train set,Average loss,Adamax,0.0618
26,Train set,Accuracy,Adamax,95.0
26,Test set,Average loss,Adamax,0.5759
26,Test set,Accuracy,Adamax,89.0
27,Train set,Average loss,Adamax,0.0694
27,Train set,Accuracy,Adamax,95.0
27,Test set,Average loss,Adamax,0.3374
27,Test set,Accuracy,Adamax,89.0
28,Train set,Average loss,Adamax,0.1201
28,Train set,Accuracy,Adamax,95.0
28,Test set,Average loss,Adamax,0.647
28,Test set,Accuracy,Adamax,89.0
29,Train set,Average loss,Adamax,0.2163
29,Train set,Accuracy,Adamax,95.0
29,Test set,Average loss,Adamax,0.4423
29,Test set,Accuracy,Adamax,89.0
30,Train set,Average loss,Adamax,0.2752
30,Train set,Accuracy,Adamax,95.0
30,Test set,Average loss,Adamax,0.4469
30,Test set,Accuracy,Adamax,89.0
1,Train set,Average loss,ASGD,0.4623
1,Train set,Accuracy,ASGD,72.0
1,Test set,Average loss,ASGD,0.5608
1,Test set,Accuracy,ASGD,80.0
2,Train set,Average loss,ASGD,0.5463
2,Train set,Accuracy,ASGD,82.0
2,Test set,Average loss,ASGD,0.4753
2,Test set,Accuracy,ASGD,82.0
3,Train set,Average loss,ASGD,0.5583
3,Train set,Accuracy,ASGD,84.0
3,Test set,Average loss,ASGD,0.4389
3,Test set,Accuracy,ASGD,83.0
4,Train set,Average loss,ASGD,0.5859
4,Train set,Accuracy,ASGD,85.0
4,Test set,Average loss,ASGD,0.4686
4,Test set,Accuracy,ASGD,83.0
5,Train set,Average loss,ASGD,0.3366
5,Train set,Accuracy,ASGD,86.0
5,Test set,Average loss,ASGD,0.3908
5,Test set,Accuracy,ASGD,84.0
6,Train set,Average loss,ASGD,0.3277
6,Train set,Accuracy,ASGD,87.0
6,Test set,Average loss,ASGD,0.3943
6,Test set,Accuracy,ASGD,85.0
7,Train set,Average loss,ASGD,0.2065
7,Train set,Accuracy,ASGD,87.0
7,Test set,Average loss,ASGD,0.3511
7,Test set,Accuracy,ASGD,86.0
8,Train set,Average loss,ASGD,0.3518
8,Train set,Accuracy,ASGD,87.0
8,Test set,Average loss,ASGD,0.3826
8,Test set,Accuracy,ASGD,85.0
9,Train set,Average loss,ASGD,0.4395
9,Train set,Accuracy,ASGD,88.0
9,Test set,Average loss,ASGD,0.3579
9,Test set,Accuracy,ASGD,86.0
10,Train set,Average loss,ASGD,0.2626
10,Train set,Accuracy,ASGD,88.0
10,Test set,Average loss,ASGD,0.3663
10,Test set,Accuracy,ASGD,87.0
11,Train set,Average loss,ASGD,0.3322
11,Train set,Accuracy,ASGD,89.0
11,Test set,Average loss,ASGD,0.3734
11,Test set,Accuracy,ASGD,86.0
12,Train set,Average loss,ASGD,0.4523
12,Train set,Accuracy,ASGD,89.0
12,Test set,Average loss,ASGD,0.4159
12,Test set,Accuracy,ASGD,86.0
13,Train set,Average loss,ASGD,0.2042
13,Train set,Accuracy,ASGD,89.0
13,Test set,Average loss,ASGD,0.3618
13,Test set,Accuracy,ASGD,86.0
14,Train set,Average loss,ASGD,0.6268
14,Train set,Accuracy,ASGD,89.0
14,Test set,Average loss,ASGD,0.3752
14,Test set,Accuracy,ASGD,87.0
15,Train set,Average loss,ASGD,0.4688
15,Train set,Accuracy,ASGD,89.0
15,Test set,Average loss,ASGD,0.4284
15,Test set,Accuracy,ASGD,87.0
16,Train set,Average loss,ASGD,0.3114
16,Train set,Accuracy,ASGD,90.0
16,Test set,Average loss,ASGD,0.2826
16,Test set,Accuracy,ASGD,87.0
17,Train set,Average loss,ASGD,0.2048
17,Train set,Accuracy,ASGD,90.0
17,Test set,Average loss,ASGD,0.3292
17,Test set,Accuracy,ASGD,87.0
18,Train set,Average loss,ASGD,0.4756
18,Train set,Accuracy,ASGD,90.0
18,Test set,Average loss,ASGD,0.3634
18,Test set,Accuracy,ASGD,87.0
19,Train set,Average loss,ASGD,0.8033
19,Train set,Accuracy,ASGD,90.0
19,Test set,Average loss,ASGD,0.3199
19,Test set,Accuracy,ASGD,88.0
20,Train set,Average loss,ASGD,0.3054
20,Train set,Accuracy,ASGD,91.0
20,Test set,Average loss,ASGD,0.2845
20,Test set,Accuracy,ASGD,88.0
21,Train set,Average loss,ASGD,0.6087
21,Train set,Accuracy,ASGD,91.0
21,Test set,Average loss,ASGD,0.3763
21,Test set,Accuracy,ASGD,88.0
22,Train set,Average loss,ASGD,0.1384
22,Train set,Accuracy,ASGD,91.0
22,Test set,Average loss,ASGD,0.382
22,Test set,Accuracy,ASGD,88.0
23,Train set,Average loss,ASGD,0.3432
23,Train set,Accuracy,ASGD,91.0
23,Test set,Average loss,ASGD,0.2973
23,Test set,Accuracy,ASGD,88.0
24,Train set,Average loss,ASGD,0.246
24,Train set,Accuracy,ASGD,91.0
24,Test set,Average loss,ASGD,0.3462
24,Test set,Accuracy,ASGD,87.0
25,Train set,Average loss,ASGD,0.0935
25,Train set,Accuracy,ASGD,91.0
25,Test set,Average loss,ASGD,0.3368
25,Test set,Accuracy,ASGD,88.0
26,Train set,Average loss,ASGD,0.2416
26,Train set,Accuracy,ASGD,92.0
26,Test set,Average loss,ASGD,0.3293
26,Test set,Accuracy,ASGD,89.0
27,Train set,Average loss,ASGD,0.2631
27,Train set,Accuracy,ASGD,92.0
27,Test set,Average loss,ASGD,0.2519
27,Test set,Accuracy,ASGD,88.0
28,Train set,Average loss,ASGD,0.2562
28,Train set,Accuracy,ASGD,92.0
28,Test set,Average loss,ASGD,0.4017
28,Test set,Accuracy,ASGD,87.0
29,Train set,Average loss,ASGD,0.3155
29,Train set,Accuracy,ASGD,92.0
29,Test set,Average loss,ASGD,0.3543
29,Test set,Accuracy,ASGD,88.0
30,Train set,Average loss,ASGD,0.3065
30,Train set,Accuracy,ASGD,92.0
30,Test set,Average loss,ASGD,0.3037
30,Test set,Accuracy,ASGD,88.0
1,Train set,Average loss,NAdam,0.3052
1,Train set,Accuracy,NAdam,81.0
1,Test set,Average loss,NAdam,0.3712
1,Test set,Accuracy,NAdam,83.0
2,Train set,Average loss,NAdam,0.7034
2,Train set,Accuracy,NAdam,84.0
2,Test set,Average loss,NAdam,0.4105
2,Test set,Accuracy,NAdam,84.0
3,Train set,Average loss,NAdam,0.351
3,Train set,Accuracy,NAdam,86.0
3,Test set,Average loss,NAdam,0.3872
3,Test set,Accuracy,NAdam,85.0
4,Train set,Average loss,NAdam,0.7137
4,Train set,Accuracy,NAdam,87.0
4,Test set,Average loss,NAdam,0.3686
4,Test set,Accuracy,NAdam,85.0
5,Train set,Average loss,NAdam,0.212
5,Train set,Accuracy,NAdam,87.0
5,Test set,Average loss,NAdam,0.4198
5,Test set,Accuracy,NAdam,86.0
6,Train set,Average loss,NAdam,0.3211
6,Train set,Accuracy,NAdam,87.0
6,Test set,Average loss,NAdam,0.4185
6,Test set,Accuracy,NAdam,83.0
7,Train set,Average loss,NAdam,0.9801
7,Train set,Accuracy,NAdam,87.0
7,Test set,Average loss,NAdam,0.5614
7,Test set,Accuracy,NAdam,83.0
8,Train set,Average loss,NAdam,0.339
8,Train set,Accuracy,NAdam,88.0
8,Test set,Average loss,NAdam,0.4337
8,Test set,Accuracy,NAdam,86.0
9,Train set,Average loss,NAdam,0.4569
9,Train set,Accuracy,NAdam,88.0
9,Test set,Average loss,NAdam,0.4319
9,Test set,Accuracy,NAdam,86.0
10,Train set,Average loss,NAdam,0.1856
10,Train set,Accuracy,NAdam,88.0
10,Test set,Average loss,NAdam,0.3645
10,Test set,Accuracy,NAdam,86.0
11,Train set,Average loss,NAdam,0.303
11,Train set,Accuracy,NAdam,88.0
11,Test set,Average loss,NAdam,0.6212
11,Test set,Accuracy,NAdam,85.0
12,Train set,Average loss,NAdam,0.3317
12,Train set,Accuracy,NAdam,88.0
12,Test set,Average loss,NAdam,0.3955
12,Test set,Accuracy,NAdam,86.0
13,Train set,Average loss,NAdam,0.3385
13,Train set,Accuracy,NAdam,88.0
13,Test set,Average loss,NAdam,0.422
13,Test set,Accuracy,NAdam,86.0
14,Train set,Average loss,NAdam,0.6941
14,Train set,Accuracy,NAdam,89.0
14,Test set,Average loss,NAdam,0.3874
14,Test set,Accuracy,NAdam,86.0
15,Train set,Average loss,NAdam,0.5702
15,Train set,Accuracy,NAdam,89.0
15,Test set,Average loss,NAdam,0.5364
15,Test set,Accuracy,NAdam,85.0
16,Train set,Average loss,NAdam,0.3376
16,Train set,Accuracy,NAdam,89.0
16,Test set,Average loss,NAdam,0.2962
16,Test set,Accuracy,NAdam,86.0
17,Train set,Average loss,NAdam,0.2567
17,Train set,Accuracy,NAdam,89.0
17,Test set,Average loss,NAdam,0.446
17,Test set,Accuracy,NAdam,85.0
18,Train set,Average loss,NAdam,0.3534
18,Train set,Accuracy,NAdam,89.0
18,Test set,Average loss,NAdam,0.4805
18,Test set,Accuracy,NAdam,87.0
19,Train set,Average loss,NAdam,0.7676
19,Train set,Accuracy,NAdam,89.0
19,Test set,Average loss,NAdam,0.556
19,Test set,Accuracy,NAdam,84.0
20,Train set,Average loss,NAdam,0.3772
20,Train set,Accuracy,NAdam,89.0
20,Test set,Average loss,NAdam,0.344
20,Test set,Accuracy,NAdam,87.0
21,Train set,Average loss,NAdam,0.9242
21,Train set,Accuracy,NAdam,89.0
21,Test set,Average loss,NAdam,0.599
21,Test set,Accuracy,NAdam,85.0
22,Train set,Average loss,NAdam,0.2156
22,Train set,Accuracy,NAdam,89.0
22,Test set,Average loss,NAdam,0.4201
22,Test set,Accuracy,NAdam,86.0
23,Train set,Average loss,NAdam,0.4209
23,Train set,Accuracy,NAdam,89.0
23,Test set,Average loss,NAdam,0.4065
23,Test set,Accuracy,NAdam,85.0
24,Train set,Average loss,NAdam,0.2454
24,Train set,Accuracy,NAdam,89.0
24,Test set,Average loss,NAdam,0.3405
24,Test set,Accuracy,NAdam,87.0
25,Train set,Average loss,NAdam,0.1844
25,Train set,Accuracy,NAdam,89.0
25,Test set,Average loss,NAdam,0.4016
25,Test set,Accuracy,NAdam,86.0
26,Train set,Average loss,NAdam,0.3364
26,Train set,Accuracy,NAdam,89.0
26,Test set,Average loss,NAdam,0.5151
26,Test set,Accuracy,NAdam,87.0
27,Train set,Average loss,NAdam,0.7089
27,Train set,Accuracy,NAdam,89.0
27,Test set,Average loss,NAdam,0.5074
27,Test set,Accuracy,NAdam,86.0
28,Train set,Average loss,NAdam,0.3855
28,Train set,Accuracy,NAdam,89.0
28,Test set,Average loss,NAdam,0.4817
28,Test set,Accuracy,NAdam,86.0
29,Train set,Average loss,NAdam,0.569
29,Train set,Accuracy,NAdam,90.0
29,Test set,Average loss,NAdam,0.4322
29,Test set,Accuracy,NAdam,86.0
30,Train set,Average loss,NAdam,0.2952
30,Train set,Accuracy,NAdam,90.0
30,Test set,Average loss,NAdam,0.4604
30,Test set,Accuracy,NAdam,86.0
1,Train set,Average loss,RAdam,0.4206
1,Train set,Accuracy,RAdam,81.0
1,Test set,Average loss,RAdam,0.3623
1,Test set,Accuracy,RAdam,83.0
2,Train set,Average loss,RAdam,0.4259
2,Train set,Accuracy,RAdam,84.0
2,Test set,Average loss,RAdam,0.4523
2,Test set,Accuracy,RAdam,84.0
3,Train set,Average loss,RAdam,0.4812
3,Train set,Accuracy,RAdam,85.0
3,Test set,Average loss,RAdam,0.5103
3,Test set,Accuracy,RAdam,83.0
4,Train set,Average loss,RAdam,0.7476
4,Train set,Accuracy,RAdam,86.0
4,Test set,Average loss,RAdam,0.4123
4,Test set,Accuracy,RAdam,85.0
5,Train set,Average loss,RAdam,0.2288
5,Train set,Accuracy,RAdam,86.0
5,Test set,Average loss,RAdam,0.456
5,Test set,Accuracy,RAdam,84.0
6,Train set,Average loss,RAdam,0.4891
6,Train set,Accuracy,RAdam,87.0
6,Test set,Average loss,RAdam,0.3905
6,Test set,Accuracy,RAdam,86.0
7,Train set,Average loss,RAdam,0.1887
7,Train set,Accuracy,RAdam,87.0
7,Test set,Average loss,RAdam,0.4411
7,Test set,Accuracy,RAdam,85.0
8,Train set,Average loss,RAdam,0.3838
8,Train set,Accuracy,RAdam,87.0
8,Test set,Average loss,RAdam,0.3987
8,Test set,Accuracy,RAdam,85.0
9,Train set,Average loss,RAdam,0.2829
9,Train set,Accuracy,RAdam,87.0
9,Test set,Average loss,RAdam,0.4215
9,Test set,Accuracy,RAdam,85.0
10,Train set,Average loss,RAdam,0.3567
10,Train set,Accuracy,RAdam,88.0
10,Test set,Average loss,RAdam,0.4156
10,Test set,Accuracy,RAdam,85.0
11,Train set,Average loss,RAdam,0.5677
11,Train set,Accuracy,RAdam,88.0
11,Test set,Average loss,RAdam,0.4281
11,Test set,Accuracy,RAdam,86.0
12,Train set,Average loss,RAdam,0.363
12,Train set,Accuracy,RAdam,88.0
12,Test set,Average loss,RAdam,0.4865
12,Test set,Accuracy,RAdam,85.0
13,Train set,Average loss,RAdam,0.2295
13,Train set,Accuracy,RAdam,88.0
13,Test set,Average loss,RAdam,0.4259
13,Test set,Accuracy,RAdam,86.0
14,Train set,Average loss,RAdam,0.6751
14,Train set,Accuracy,RAdam,88.0
14,Test set,Average loss,RAdam,0.538
14,Test set,Accuracy,RAdam,85.0
15,Train set,Average loss,RAdam,0.5705
15,Train set,Accuracy,RAdam,88.0
15,Test set,Average loss,RAdam,0.4751
15,Test set,Accuracy,RAdam,85.0
16,Train set,Average loss,RAdam,0.2831
16,Train set,Accuracy,RAdam,88.0
16,Test set,Average loss,RAdam,0.2684
16,Test set,Accuracy,RAdam,87.0
17,Train set,Average loss,RAdam,0.2756
17,Train set,Accuracy,RAdam,88.0
17,Test set,Average loss,RAdam,0.4505
17,Test set,Accuracy,RAdam,86.0
18,Train set,Average loss,RAdam,0.5051
18,Train set,Accuracy,RAdam,88.0
18,Test set,Average loss,RAdam,0.5801
18,Test set,Accuracy,RAdam,86.0
19,Train set,Average loss,RAdam,0.6895
19,Train set,Accuracy,RAdam,89.0
19,Test set,Average loss,RAdam,0.3571
19,Test set,Accuracy,RAdam,86.0
20,Train set,Average loss,RAdam,0.22
20,Train set,Accuracy,RAdam,89.0
20,Test set,Average loss,RAdam,0.3359
20,Test set,Accuracy,RAdam,87.0
21,Train set,Average loss,RAdam,0.656
21,Train set,Accuracy,RAdam,89.0
21,Test set,Average loss,RAdam,0.4779
21,Test set,Accuracy,RAdam,85.0
22,Train set,Average loss,RAdam,0.1635
22,Train set,Accuracy,RAdam,89.0
22,Test set,Average loss,RAdam,0.4559
22,Test set,Accuracy,RAdam,86.0
23,Train set,Average loss,RAdam,0.3487
23,Train set,Accuracy,RAdam,89.0
23,Test set,Average loss,RAdam,0.413
23,Test set,Accuracy,RAdam,85.0
24,Train set,Average loss,RAdam,0.1995
24,Train set,Accuracy,RAdam,89.0
24,Test set,Average loss,RAdam,0.4777
24,Test set,Accuracy,RAdam,86.0
25,Train set,Average loss,RAdam,0.1253
25,Train set,Accuracy,RAdam,89.0
25,Test set,Average loss,RAdam,0.4167
25,Test set,Accuracy,RAdam,85.0
26,Train set,Average loss,RAdam,0.2624
26,Train set,Accuracy,RAdam,89.0
26,Test set,Average loss,RAdam,1.3367
26,Test set,Accuracy,RAdam,86.0
27,Train set,Average loss,RAdam,0.5579
27,Train set,Accuracy,RAdam,89.0
27,Test set,Average loss,RAdam,0.4486
27,Test set,Accuracy,RAdam,86.0
28,Train set,Average loss,RAdam,0.4529
28,Train set,Accuracy,RAdam,89.0
28,Test set,Average loss,RAdam,0.6631
28,Test set,Accuracy,RAdam,85.0
29,Train set,Average loss,RAdam,0.4664
29,Train set,Accuracy,RAdam,89.0
29,Test set,Average loss,RAdam,0.5498
29,Test set,Accuracy,RAdam,86.0
30,Train set,Average loss,RAdam,0.5889
30,Train set,Accuracy,RAdam,89.0
30,Test set,Average loss,RAdam,0.5296
30,Test set,Accuracy,RAdam,85.0
1,Train set,Average loss,RMSprop,0.3251
1,Train set,Accuracy,RMSprop,77.0
1,Test set,Average loss,RMSprop,0.5109
1,Test set,Accuracy,RMSprop,82.0
2,Train set,Average loss,RMSprop,0.484
2,Train set,Accuracy,RMSprop,82.0
2,Test set,Average loss,RMSprop,0.499
2,Test set,Accuracy,RMSprop,81.0
3,Train set,Average loss,RMSprop,0.6414
3,Train set,Accuracy,RMSprop,84.0
3,Test set,Average loss,RMSprop,0.5486
3,Test set,Accuracy,RMSprop,81.0
4,Train set,Average loss,RMSprop,0.6254
4,Train set,Accuracy,RMSprop,85.0
4,Test set,Average loss,RMSprop,0.6467
4,Test set,Accuracy,RMSprop,79.0
5,Train set,Average loss,RMSprop,0.2727
5,Train set,Accuracy,RMSprop,85.0
5,Test set,Average loss,RMSprop,0.4975
5,Test set,Accuracy,RMSprop,82.0
6,Train set,Average loss,RMSprop,0.2939
6,Train set,Accuracy,RMSprop,86.0
6,Test set,Average loss,RMSprop,0.6107
6,Test set,Accuracy,RMSprop,80.0
7,Train set,Average loss,RMSprop,0.2997
7,Train set,Accuracy,RMSprop,86.0
7,Test set,Average loss,RMSprop,0.4517
7,Test set,Accuracy,RMSprop,83.0
8,Train set,Average loss,RMSprop,0.3331
8,Train set,Accuracy,RMSprop,86.0
8,Test set,Average loss,RMSprop,0.6268
8,Test set,Accuracy,RMSprop,83.0
9,Train set,Average loss,RMSprop,0.4732
9,Train set,Accuracy,RMSprop,86.0
9,Test set,Average loss,RMSprop,0.4917
9,Test set,Accuracy,RMSprop,84.0
10,Train set,Average loss,RMSprop,0.217
10,Train set,Accuracy,RMSprop,86.0
10,Test set,Average loss,RMSprop,0.4815
10,Test set,Accuracy,RMSprop,85.0
11,Train set,Average loss,RMSprop,0.4783
11,Train set,Accuracy,RMSprop,87.0
11,Test set,Average loss,RMSprop,0.8
11,Test set,Accuracy,RMSprop,78.0
12,Train set,Average loss,RMSprop,0.5086
12,Train set,Accuracy,RMSprop,86.0
12,Test set,Average loss,RMSprop,0.4832
12,Test set,Accuracy,RMSprop,84.0
13,Train set,Average loss,RMSprop,0.3186
13,Train set,Accuracy,RMSprop,87.0
13,Test set,Average loss,RMSprop,0.4566
13,Test set,Accuracy,RMSprop,85.0
14,Train set,Average loss,RMSprop,0.7616
14,Train set,Accuracy,RMSprop,87.0
14,Test set,Average loss,RMSprop,0.7506
14,Test set,Accuracy,RMSprop,84.0
15,Train set,Average loss,RMSprop,0.7456
15,Train set,Accuracy,RMSprop,87.0
15,Test set,Average loss,RMSprop,0.6209
15,Test set,Accuracy,RMSprop,81.0
16,Train set,Average loss,RMSprop,0.5018
16,Train set,Accuracy,RMSprop,87.0
16,Test set,Average loss,RMSprop,0.3169
16,Test set,Accuracy,RMSprop,86.0
17,Train set,Average loss,RMSprop,0.2792
17,Train set,Accuracy,RMSprop,87.0
17,Test set,Average loss,RMSprop,0.6008
17,Test set,Accuracy,RMSprop,84.0
18,Train set,Average loss,RMSprop,0.5167
18,Train set,Accuracy,RMSprop,87.0
18,Test set,Average loss,RMSprop,0.7396
18,Test set,Accuracy,RMSprop,84.0
19,Train set,Average loss,RMSprop,0.7292
19,Train set,Accuracy,RMSprop,87.0
19,Test set,Average loss,RMSprop,0.5765
19,Test set,Accuracy,RMSprop,78.0
20,Train set,Average loss,RMSprop,0.3788
20,Train set,Accuracy,RMSprop,87.0
20,Test set,Average loss,RMSprop,0.4969
20,Test set,Accuracy,RMSprop,84.0
21,Train set,Average loss,RMSprop,1.0574
21,Train set,Accuracy,RMSprop,87.0
21,Test set,Average loss,RMSprop,1.6955
21,Test set,Accuracy,RMSprop,73.0
22,Train set,Average loss,RMSprop,0.2917
22,Train set,Accuracy,RMSprop,87.0
22,Test set,Average loss,RMSprop,0.6342
22,Test set,Accuracy,RMSprop,85.0
23,Train set,Average loss,RMSprop,0.3723
23,Train set,Accuracy,RMSprop,87.0
23,Test set,Average loss,RMSprop,0.5649
23,Test set,Accuracy,RMSprop,85.0
24,Train set,Average loss,RMSprop,0.2758
24,Train set,Accuracy,RMSprop,87.0
24,Test set,Average loss,RMSprop,0.4164
24,Test set,Accuracy,RMSprop,85.0
25,Train set,Average loss,RMSprop,0.0576
25,Train set,Accuracy,RMSprop,87.0
25,Test set,Average loss,RMSprop,0.3887
25,Test set,Accuracy,RMSprop,86.0
26,Train set,Average loss,RMSprop,0.4322
26,Train set,Accuracy,RMSprop,87.0
26,Test set,Average loss,RMSprop,0.7607
26,Test set,Accuracy,RMSprop,85.0
27,Train set,Average loss,RMSprop,0.3533
27,Train set,Accuracy,RMSprop,87.0
27,Test set,Average loss,RMSprop,0.3963
27,Test set,Accuracy,RMSprop,84.0
28,Train set,Average loss,RMSprop,0.2899
28,Train set,Accuracy,RMSprop,88.0
28,Test set,Average loss,RMSprop,2.7517
28,Test set,Accuracy,RMSprop,83.0
29,Train set,Average loss,RMSprop,0.7992
29,Train set,Accuracy,RMSprop,87.0
29,Test set,Average loss,RMSprop,0.595
29,Test set,Accuracy,RMSprop,85.0
30,Train set,Average loss,RMSprop,0.3344
30,Train set,Accuracy,RMSprop,87.0
30,Test set,Average loss,RMSprop,0.4991
30,Test set,Accuracy,RMSprop,84.0
1,Train set,Average loss,Rprop,0.9556
1,Train set,Accuracy,Rprop,78.0
1,Test set,Average loss,Rprop,9.6768
1,Test set,Accuracy,Rprop,78.0
2,Train set,Average loss,Rprop,1.3971
2,Train set,Accuracy,Rprop,79.0
2,Test set,Average loss,Rprop,7.7347
2,Test set,Accuracy,Rprop,78.0
3,Train set,Average loss,Rprop,47.1465
3,Train set,Accuracy,Rprop,79.0
3,Test set,Average loss,Rprop,10.0789
3,Test set,Accuracy,Rprop,78.0
4,Train set,Average loss,Rprop,52.3083
4,Train set,Accuracy,Rprop,79.0
4,Test set,Average loss,Rprop,8.2552
4,Test set,Accuracy,Rprop,78.0
5,Train set,Average loss,Rprop,0.3053
5,Train set,Accuracy,Rprop,79.0
5,Test set,Average loss,Rprop,33.2529
5,Test set,Accuracy,Rprop,79.0
6,Train set,Average loss,Rprop,8.5771
6,Train set,Accuracy,Rprop,80.0
6,Test set,Average loss,Rprop,8.8002
6,Test set,Accuracy,Rprop,79.0
7,Train set,Average loss,Rprop,0.3106
7,Train set,Accuracy,Rprop,80.0
7,Test set,Average loss,Rprop,5.4045
7,Test set,Accuracy,Rprop,79.0
8,Train set,Average loss,Rprop,1.2772
8,Train set,Accuracy,Rprop,80.0
8,Test set,Average loss,Rprop,20.2431
8,Test set,Accuracy,Rprop,79.0
9,Train set,Average loss,Rprop,78.573
9,Train set,Accuracy,Rprop,80.0
9,Test set,Average loss,Rprop,9.9592
9,Test set,Accuracy,Rprop,79.0
10,Train set,Average loss,Rprop,0.3055
10,Train set,Accuracy,Rprop,80.0
10,Test set,Average loss,Rprop,17.9693
10,Test set,Accuracy,Rprop,79.0
11,Train set,Average loss,Rprop,6.7364
11,Train set,Accuracy,Rprop,80.0
11,Test set,Average loss,Rprop,6.5951
11,Test set,Accuracy,Rprop,79.0
12,Train set,Average loss,Rprop,21.4591
12,Train set,Accuracy,Rprop,80.0
12,Test set,Average loss,Rprop,6.289
12,Test set,Accuracy,Rprop,79.0
13,Train set,Average loss,Rprop,4.3104
13,Train set,Accuracy,Rprop,80.0
13,Test set,Average loss,Rprop,14.0595
13,Test set,Accuracy,Rprop,79.0
14,Train set,Average loss,Rprop,76.3985
14,Train set,Accuracy,Rprop,80.0
14,Test set,Average loss,Rprop,4.8568
14,Test set,Accuracy,Rprop,79.0
15,Train set,Average loss,Rprop,0.751
15,Train set,Accuracy,Rprop,80.0
15,Test set,Average loss,Rprop,9.1659
15,Test set,Accuracy,Rprop,79.0
16,Train set,Average loss,Rprop,0.4201
16,Train set,Accuracy,Rprop,80.0
16,Test set,Average loss,Rprop,3.6574
16,Test set,Accuracy,Rprop,79.0
17,Train set,Average loss,Rprop,0.503
17,Train set,Accuracy,Rprop,81.0
17,Test set,Average loss,Rprop,7.358
17,Test set,Accuracy,Rprop,79.0
18,Train set,Average loss,Rprop,0.8848
18,Train set,Accuracy,Rprop,81.0
18,Test set,Average loss,Rprop,12.8067
18,Test set,Accuracy,Rprop,79.0
19,Train set,Average loss,Rprop,3.2618
19,Train set,Accuracy,Rprop,81.0
19,Test set,Average loss,Rprop,2.19
19,Test set,Accuracy,Rprop,79.0
20,Train set,Average loss,Rprop,2.2311
20,Train set,Accuracy,Rprop,81.0
20,Test set,Average loss,Rprop,14.4844
20,Test set,Accuracy,Rprop,80.0
21,Train set,Average loss,Rprop,88.8033
21,Train set,Accuracy,Rprop,81.0
21,Test set,Average loss,Rprop,3.1048
21,Test set,Accuracy,Rprop,80.0
22,Train set,Average loss,Rprop,1.2115
22,Train set,Accuracy,Rprop,81.0
22,Test set,Average loss,Rprop,8.9973
22,Test set,Accuracy,Rprop,80.0
23,Train set,Average loss,Rprop,6.1154
23,Train set,Accuracy,Rprop,81.0
23,Test set,Average loss,Rprop,2.5618
23,Test set,Accuracy,Rprop,80.0
24,Train set,Average loss,Rprop,34.4989
24,Train set,Accuracy,Rprop,81.0
24,Test set,Average loss,Rprop,7.5537
24,Test set,Accuracy,Rprop,80.0
25,Train set,Average loss,Rprop,0.4538
25,Train set,Accuracy,Rprop,81.0
25,Test set,Average loss,Rprop,1.3995
25,Test set,Accuracy,Rprop,80.0
26,Train set,Average loss,Rprop,1.7966
26,Train set,Accuracy,Rprop,81.0
26,Test set,Average loss,Rprop,4.5986
26,Test set,Accuracy,Rprop,80.0
27,Train set,Average loss,Rprop,14.6225
27,Train set,Accuracy,Rprop,81.0
27,Test set,Average loss,Rprop,6.3482
27,Test set,Accuracy,Rprop,80.0
28,Train set,Average loss,Rprop,2.5373
28,Train set,Accuracy,Rprop,81.0
28,Test set,Average loss,Rprop,23.7301
28,Test set,Accuracy,Rprop,80.0
29,Train set,Average loss,Rprop,44.156
29,Train set,Accuracy,Rprop,81.0
29,Test set,Average loss,Rprop,7.9798
29,Test set,Accuracy,Rprop,80.0
30,Train set,Average loss,Rprop,2.0036
30,Train set,Accuracy,Rprop,81.0
30,Test set,Average loss,Rprop,7.2908
30,Test set,Accuracy,Rprop,80.0
1,Train set,Average loss,SGD,0.4633
1,Train set,Accuracy,SGD,72.0
1,Test set,Average loss,SGD,0.5607
1,Test set,Accuracy,SGD,80.0
2,Train set,Average loss,SGD,0.5494
2,Train set,Accuracy,SGD,82.0
2,Test set,Average loss,SGD,0.475
2,Test set,Accuracy,SGD,82.0
3,Train set,Average loss,SGD,0.5577
3,Train set,Accuracy,SGD,84.0
3,Test set,Average loss,SGD,0.4386
3,Test set,Accuracy,SGD,83.0
4,Train set,Average loss,SGD,0.5852
4,Train set,Accuracy,SGD,85.0
4,Test set,Average loss,SGD,0.4685
4,Test set,Accuracy,SGD,83.0
5,Train set,Average loss,SGD,0.3338
5,Train set,Accuracy,SGD,86.0
5,Test set,Average loss,SGD,0.3919
5,Test set,Accuracy,SGD,84.0
6,Train set,Average loss,SGD,0.3245
6,Train set,Accuracy,SGD,87.0
6,Test set,Average loss,SGD,0.3942
6,Test set,Accuracy,SGD,85.0
7,Train set,Average loss,SGD,0.2027
7,Train set,Accuracy,SGD,87.0
7,Test set,Average loss,SGD,0.3504
7,Test set,Accuracy,SGD,86.0
8,Train set,Average loss,SGD,0.353
8,Train set,Accuracy,SGD,87.0
8,Test set,Average loss,SGD,0.3818
8,Test set,Accuracy,SGD,85.0
9,Train set,Average loss,SGD,0.4429
9,Train set,Accuracy,SGD,88.0
9,Test set,Average loss,SGD,0.3575
9,Test set,Accuracy,SGD,86.0
10,Train set,Average loss,SGD,0.2643
10,Train set,Accuracy,SGD,88.0
10,Test set,Average loss,SGD,0.3676
10,Test set,Accuracy,SGD,87.0
11,Train set,Average loss,SGD,0.3313
11,Train set,Accuracy,SGD,89.0
11,Test set,Average loss,SGD,0.3745
11,Test set,Accuracy,SGD,86.0
12,Train set,Average loss,SGD,0.4588
12,Train set,Accuracy,SGD,89.0
12,Test set,Average loss,SGD,0.4193
12,Test set,Accuracy,SGD,86.0
13,Train set,Average loss,SGD,0.2021
13,Train set,Accuracy,SGD,89.0
13,Test set,Average loss,SGD,0.3622
13,Test set,Accuracy,SGD,86.0
14,Train set,Average loss,SGD,0.6238
14,Train set,Accuracy,SGD,89.0
14,Test set,Average loss,SGD,0.3744
14,Test set,Accuracy,SGD,87.0
15,Train set,Average loss,SGD,0.467
15,Train set,Accuracy,SGD,89.0
15,Test set,Average loss,SGD,0.4247
15,Test set,Accuracy,SGD,87.0
16,Train set,Average loss,SGD,0.3244
16,Train set,Accuracy,SGD,90.0
16,Test set,Average loss,SGD,0.2811
16,Test set,Accuracy,SGD,87.0
17,Train set,Average loss,SGD,0.206
17,Train set,Accuracy,SGD,90.0
17,Test set,Average loss,SGD,0.3268
17,Test set,Accuracy,SGD,87.0
18,Train set,Average loss,SGD,0.465
18,Train set,Accuracy,SGD,90.0
18,Test set,Average loss,SGD,0.3637
18,Test set,Accuracy,SGD,87.0
19,Train set,Average loss,SGD,0.8121
19,Train set,Accuracy,SGD,90.0
19,Test set,Average loss,SGD,0.324
19,Test set,Accuracy,SGD,88.0
20,Train set,Average loss,SGD,0.3015
20,Train set,Accuracy,SGD,91.0
20,Test set,Average loss,SGD,0.2879
20,Test set,Accuracy,SGD,88.0
21,Train set,Average loss,SGD,0.6174
21,Train set,Accuracy,SGD,91.0
21,Test set,Average loss,SGD,0.3783
21,Test set,Accuracy,SGD,88.0
22,Train set,Average loss,SGD,0.1333
22,Train set,Accuracy,SGD,91.0
22,Test set,Average loss,SGD,0.3822
22,Test set,Accuracy,SGD,88.0
23,Train set,Average loss,SGD,0.3399
23,Train set,Accuracy,SGD,91.0
23,Test set,Average loss,SGD,0.3013
23,Test set,Accuracy,SGD,88.0
24,Train set,Average loss,SGD,0.2636
24,Train set,Accuracy,SGD,91.0
24,Test set,Average loss,SGD,0.3545
24,Test set,Accuracy,SGD,87.0
25,Train set,Average loss,SGD,0.0921
25,Train set,Accuracy,SGD,91.0
25,Test set,Average loss,SGD,0.3416
25,Test set,Accuracy,SGD,88.0
26,Train set,Average loss,SGD,0.2462
26,Train set,Accuracy,SGD,92.0
26,Test set,Average loss,SGD,0.3313
26,Test set,Accuracy,SGD,89.0
27,Train set,Average loss,SGD,0.2524
27,Train set,Accuracy,SGD,92.0
27,Test set,Average loss,SGD,0.2574
27,Test set,Accuracy,SGD,88.0
28,Train set,Average loss,SGD,0.2573
28,Train set,Accuracy,SGD,92.0
28,Test set,Average loss,SGD,0.4096
28,Test set,Accuracy,SGD,87.0
29,Train set,Average loss,SGD,0.3149
29,Train set,Accuracy,SGD,92.0
29,Test set,Average loss,SGD,0.3535
29,Test set,Accuracy,SGD,88.0
30,Train set,Average loss,SGD,0.3228
30,Train set,Accuracy,SGD,92.0
30,Test set,Average loss,SGD,0.3099
30,Test set,Accuracy,SGD,88.0
